{"NSS":"4000","Nom":"Marisol", "DID":50, "DNom":"Gineco", "Fecha":"2023-02-23T00:00:30.002Z"}
{"NSS":"4001","Nom":"Azahara", "DID":50, "DNom":"Gineco", "Fecha":"2023-02-23T00:00:31.002Z"}
{"NSS":"4002","Nom":"Juncal", "DID":50, "DNom":"Gineco", "Fecha":"2023-02-23T00:00:32.002Z"}
{"NSS":"4003","Nom":"Oria", "DID":50, "DNom":"Gineco", "Fecha":"2023-02-23T00:00:33.002Z"}
{"NSS":"4004","Nom":"Ruy", "DID":20, "DNom":"Neuro", "Fecha":"2023-02-23T00:00:34.002Z"}
{"NSS":"4005","Nom":"Mabel", "DID":20, "DNom":"Neuro", "Fecha":"2023-02-23T00:00:35.002Z"}
{"NSS":"4005","Nom":"Mariluz", "DID":10, "DNom":"Cardio", "Fecha":"2023-02-23T00:00:36.002Z"}
{"NSS":"4006","Nom":"Lesmes", "DID":30, "DNom":"Endo", "Fecha":"2023-02-23T00:00:37.002Z"}
{"NSS":"4007","Nom":"Marisol", "DID":50, "DNom":"Gineco", "Fecha":"2023-02-23T00:00:38.002Z"}
