{"NSS":"5000","Nom":"Pilar", "DID":50, "DNom":"Gineco", "Fecha":"2023-02-23T00:01:30.002Z"}
{"NSS":"5001","Nom":"Maria", "DID":50, "DNom":"Gineco", "Fecha":"2023-02-23T00:01:31.002Z"}
{"NSS":"5002","Nom":"Dolores", "DID":50, "DNom":"Gineco", "Fecha":"2023-02-23T00:01:32.002Z"}
{"NSS":"5003","Nom":"Teresa", "DID":50, "DNom":"Gineco", "Fecha":"2023-02-23T00:01:33.002Z"}
{"NSS":"5004","Nom":"Luis", "DID":20, "DNom":"Neuro", "Fecha":"2023-02-23T00:01:34.002Z"}
{"NSS":"5005","Nom":"Daniel", "DID":20, "DNom":"Neuro", "Fecha":"2023-02-23T00:02:00.002Z"}
{"NSS":"5005","Nom":"Jose", "DID":10, "DNom":"Cardio", "Fecha":"2023-02-23T00:02:05.002Z"}
{"NSS":"5006","Nom":"Lesmes", "DID":30, "DNom":"Endo", "Fecha":"2023-02-23T00:02:10.002Z"}
{"NSS":"5007","Nom":"Manuel", "DID":50, "DNom":"Gineco", "Fecha":"2023-02-23T00:02:20.002Z"}
{"NSS":"5008","Nom":"Antonio", "DID":30, "DNom":"Endo", "Fecha":"2023-02-23T00:02:37.002Z"}
{"NSS":"5009","Nom":"Marisol", "DID":50, "DNom":"Gineco", "Fecha":"2023-02-23T00:02:38.002Z"}
