{"NSS":"3009","Nom":"Marina", "DID":20, "DNom":"Neuro", "Fecha":"2023-02-23T00:00:22.002Z"}
{"NSS":"3010","Nom":"Ines", "DID":30, "DNom":"Endo", "Fecha":"2023-02-23T00:00:23.002Z"}
{"NSS":"3011","Nom":"Adolfo", "DID":50, "DNom":"Gineco", "Fecha":"2023-02-23T00:00:24.002Z"}
{"NSS":"3012","Nom":"Tomas", "DID":10, "DNom":"Cardio", "Fecha":"2023-02-23T00:00:25.002Z"}
{"NSS":"3013","Nom":"Francisco", "DID":10, "DNom":"Cardio", "Fecha":"2023-02-23T00:00:26.002Z"}
{"NSS":"3014","Nom":"Aurora", "DID":10, "DNom":"Cardio", "Fecha":"2023-02-23T00:00:27.002Z"}
{"NSS":"3015","Nom":"Mendo", "DID":10, "DNom":"Cardio", "Fecha":"2023-02-23T00:00:28.002Z"}
{"NSS":"3016","Nom":"Maribel", "DID":50, "DNom":"Gineco", "Fecha":"2023-02-23T00:00:29.002Z"}
