{"NSS":"2001","Nom":"Pedro", "DID":20, "DNom":"Neuro", "Fecha":"2023-02-23T00:00:15.002Z"}
{"NSS":"2010","Nom":"Abel", "DID":30, "DNom":"Endo", "Fecha":"2023-02-23T00:00:16.002Z"}
{"NSS":"2011","Nom":"Martin", "DID":50, "DNom":"Gineco", "Fecha":"2023-02-23T00:00:17.002Z"}
{"NSS":"2012","Nom":"Fatima", "DID":10, "DNom":"Cardio", "Fecha":"2023-02-23T00:00:18.002Z"}
{"NSS":"2013","Nom":"Elena", "DID":10, "DNom":"Cardio", "Fecha":"2023-02-23T00:00:19.002Z"}
{"NSS":"2014","Nom":"Esteban", "DID":10, "DNom":"Cardio", "Fecha":"2023-02-23T00:00:20.002Z"}
{"NSS":"2015","Nom":"Juanjo", "DID":10, "DNom":"Cardio", "Fecha":"2023-02-23T00:00:21.002Z"}
