{"NSS":"1009","Nom":"Julia", "DID":20, "DNom":"Neuro", "Fecha":"2023-02-23T00:00:15.002Z"}
{"NSS":"1010","Nom":"Javier", "DID":30, "DNom":"Endo", "Fecha":"2023-02-23T00:00:16.002Z"}
{"NSS":"1011","Nom":"Laura", "DID":50, "DNom":"Gineco", "Fecha":"2023-02-23T00:00:17.002Z"}
{"NSS":"1012","Nom":"Nuria", "DID":10, "DNom":"Cardio", "Fecha":"2023-02-23T00:00:18.002Z"}
{"NSS":"1013","Nom":"Helena", "DID":10, "DNom":"Cardio", "Fecha":"2023-02-23T00:00:19.002Z"}
{"NSS":"1014","Nom":"Nati", "DID":10, "DNom":"Cardio", "Fecha":"2023-02-23T00:00:20.002Z"}
